month,demand
2020-01-01,93.0
2020-02-01,105.5
2020-03-01,113.5
2020-04-01,121.0
2020-05-01,111.3
2020-06-01,113.2
2020-07-01,101.0
2020-08-01,99.2
2020-09-01,92.9
2020-10-01,92.8
2020-11-01,93.7
2020-12-01,98.6
2021-01-01,113.0
2021-02-01,126.4
2021-03-01,125.9
2021-04-01,134.4
2021-05-01,129.9
2021-06-01,129.4
2021-07-01,111.1
2021-08-01,104.0
2021-09-01,100.1
2021-10-01,97.8
2021-11-01,93.7
2021-12-01,109.8
2022-01-01,118.7
2022-02-01,129.0
2022-03-01,137.5
2022-04-01,142.5
2022-05-01,132.5
2022-06-01,139.4
2022-07-01,120.6
2022-08-01,105.8
2022-09-01,108.0
2022-10-01,112.2
2022-11-01,107.8
2022-12-01,124.2
2023-01-01,135.0
2023-02-01,136.1
2023-03-01,137.9
2023-04-01,146.3
2023-05-01,154.1
2023-06-01,139.5
2023-07-01,127.6
2023-08-01,119.0
2023-09-01,117.9
2023-10-01,115.9
2023-11-01,123.0
2023-12-01,131.6
2024-01-01,134.7
2024-02-01,148.6
2024-03-01,152.8
2024-04-01,161.1
2024-05-01,154.3
2024-06-01,147.6
2024-07-01,151.7
2024-08-01,134.1
2024-09-01,130.1
2024-10-01,135.8
2024-11-01,132.2
2024-12-01,136.7
