date,bikes
2021-01-01,5368
2021-01-02,6642
2021-01-03,5958
2021-01-04,4330
2021-01-05,4795
2021-01-06,5065
2021-01-07,5625
2021-01-08,5886
2021-01-09,6440
2021-01-10,5937
2021-01-11,4857
2021-01-12,5141
2021-01-13,5498
2021-01-14,5400
2021-01-15,5539
2021-01-16,7038
2021-01-17,5744
2021-01-18,4637
2021-01-19,4507
2021-01-20,5134
2021-01-21,5186
2021-01-22,5546
2021-01-23,6319
2021-01-24,6500
2021-01-25,4897
2021-01-26,5111
2021-01-27,4810
2021-01-28,5656
2021-01-29,5663
2021-01-30,6963
2021-01-31,5827
2021-02-01,4749
2021-02-02,4911
2021-02-03,5395
2021-02-04,6206
2021-02-05,5467
2021-02-06,6956
2021-02-07,6875
2021-02-08,4752
2021-02-09,5219
2021-02-10,5717
2021-02-11,5922
2021-02-12,5363
2021-02-13,7035
2021-02-14,7102
2021-02-15,4470
2021-02-16,5544
2021-02-17,5737
2021-02-18,5715
2021-02-19,6392
2021-02-20,7332
2021-02-21,6056
2021-02-22,4987
2021-02-23,5459
2021-02-24,5642
2021-02-25,6131
2021-02-26,5738
2021-02-27,7286
2021-02-28,7136
2021-03-01,4741
2021-03-02,5329
2021-03-03,5541
2021-03-04,5940
2021-03-05,5366
2021-03-06,6744
2021-03-07,6431
2021-03-08,5212
2021-03-09,5598
2021-03-10,5241
2021-03-11,5618
2021-03-12,5910
2021-03-13,6114
2021-03-14,6271
2021-03-15,4858
2021-03-16,5591
2021-03-17,5830
2021-03-18,5719
2021-03-19,5542
2021-03-20,6767
2021-03-21,7022
2021-03-22,4699
2021-03-23,5043
2021-03-24,5666
2021-03-25,5723
2021-03-26,5534
2021-03-27,6326
2021-03-28,6301
2021-03-29,4626
2021-03-30,5436
2021-03-31,5689
2021-04-01,5680
2021-04-02,5731
2021-04-03,6545
2021-04-04,6637
2021-04-05,4684
2021-04-06,5170
2021-04-07,4992
2021-04-08,5711
2021-04-09,4901
2021-04-10,5728
2021-04-11,5959
2021-04-12,4310
2021-04-13,4945
2021-04-14,6011
2021-04-15,5244
2021-04-16,5139
2021-04-17,6523
2021-04-18,6156
2021-04-19,4436
2021-04-20,4725
2021-04-21,5421
2021-04-22,5564
2021-04-23,4903
2021-04-24,6264
2021-04-25,5824
2021-04-26,4049
2021-04-27,4761
2021-04-28,4817
2021-04-29,5593
2021-04-30,5175
2021-05-01,6183
2021-05-02,5413
2021-05-03,4227
2021-05-04,3932
2021-05-05,4612
2021-05-06,5282
2021-05-07,4324
2021-05-08,6337
2021-05-09,4777
2021-05-10,4381
2021-05-11,4172
2021-05-12,5091
2021-05-13,5085
2021-05-14,4386
2021-05-15,6340
2021-05-16,5930
2021-05-17,3997
2021-05-18,4227
2021-05-19,4670
2021-05-20,4611
2021-05-21,5090
2021-05-22,5435
2021-05-23,5148
2021-05-24,3641
2021-05-25,3989
2021-05-26,4191
2021-05-27,5187
2021-05-28,4569
2021-05-29,5892
2021-05-30,5009
2021-05-31,3546
2021-06-01,3958
2021-06-02,4292
2021-06-03,4669
2021-06-04,4375
2021-06-05,5206
2021-06-06,4272
2021-06-07,3387
2021-06-08,4459
2021-06-09,4134
2021-06-10,4212
2021-06-11,4478
2021-06-12,5753
2021-06-13,4083
2021-06-14,3456
2021-06-15,3620
2021-06-16,3673
2021-06-17,4659
2021-06-18,4248
2021-06-19,5051
2021-06-20,4223
2021-06-21,3552
2021-06-22,3537
2021-06-23,4072
2021-06-24,3968
2021-06-25,3764
2021-06-26,5431
2021-06-27,4185
2021-06-28,3395
2021-06-29,3592
2021-06-30,3875
2021-07-01,4056
2021-07-02,4245
2021-07-03,4625
2021-07-04,4204
2021-07-05,3214
2021-07-06,3879
2021-07-07,4135
2021-07-08,4245
2021-07-09,3779
2021-07-10,4063
2021-07-11,4544
2021-07-12,3426
2021-07-13,3380
2021-07-14,4009
2021-07-15,4290
2021-07-16,4140
2021-07-17,4914
2021-07-18,3866
2021-07-19,3526
2021-07-20,2960
2021-07-21,4040
2021-07-22,4132
2021-07-23,4087
2021-07-24,5225
2021-07-25,4585
2021-07-26,2628
2021-07-27,2763
2021-07-28,3970
2021-07-29,3602
2021-07-30,3756
2021-07-31,4730
2021-08-01,3230
2021-08-02,2278
2021-08-03,3333
2021-08-04,3685
2021-08-05,3804
2021-08-06,3734
2021-08-07,3981
2021-08-08,3240
2021-08-09,2859
2021-08-10,2916
2021-08-11,3126
2021-08-12,4016
2021-08-13,3680
2021-08-14,4478
2021-08-15,3433
2021-08-16,2688
2021-08-17,2893
2021-08-18,3353
2021-08-19,3909
2021-08-20,3445
2021-08-21,4450
2021-08-22,3978
2021-08-23,3532
2021-08-24,2771
2021-08-25,3916
2021-08-26,3826
2021-08-27,3696
2021-08-28,3719
2021-08-29,3665
2021-08-30,3144
2021-08-31,3201
2021-09-01,3681
2021-09-02,3784
2021-09-03,4088
2021-09-04,4343
2021-09-05,2983
2021-09-06,2722
2021-09-07,2640
2021-09-08,2667
2021-09-09,3746
2021-09-10,4184
2021-09-11,4426
2021-09-12,3465
2021-09-13,2690
2021-09-14,3664
2021-09-15,3790
2021-09-16,3980
2021-09-17,3801
2021-09-18,4496
2021-09-19,4358
2021-09-20,3220
2021-09-21,3438
2021-09-22,3476
2021-09-23,4192
2021-09-24,3670
2021-09-25,5023
2021-09-26,3595
2021-09-27,3077
2021-09-28,3443
2021-09-29,3465
2021-09-30,4653
2021-10-01,4427
2021-10-02,4489
2021-10-03,4550
2021-10-04,3326
2021-10-05,2710
2021-10-06,4051
2021-10-07,4183
2021-10-08,4087
2021-10-09,4360
2021-10-10,4246
2021-10-11,3248
2021-10-12,4007
2021-10-13,4178
2021-10-14,4303
2021-10-15,4646
2021-10-16,4713
2021-10-17,4336
2021-10-18,2840
2021-10-19,4237
2021-10-20,4487
2021-10-21,4705
2021-10-22,4488
2021-10-23,5138
2021-10-24,4737
2021-10-25,3449
2021-10-26,3796
2021-10-27,4319
2021-10-28,5012
2021-10-29,4573
2021-10-30,5227
2021-10-31,4569
2021-11-01,3452
2021-11-02,4489
2021-11-03,4587
2021-11-04,4683
2021-11-05,4415
2021-11-06,4960
2021-11-07,4949
2021-11-08,4056
2021-11-09,3989
2021-11-10,4485
2021-11-11,4722
2021-11-12,4689
2021-11-13,4932
2021-11-14,5051
2021-11-15,3643
2021-11-16,4524
2021-11-17,4447
2021-11-18,5106
2021-11-19,5268
2021-11-20,5635
2021-11-21,5075
2021-11-22,4106
2021-11-23,4378
2021-11-24,4510
2021-11-25,5203
2021-11-26,5556
2021-11-27,5833
2021-11-28,5414
2021-11-29,3850
2021-11-30,4612
2021-12-01,4562
2021-12-02,4841
2021-12-03,5456
2021-12-04,5738
2021-12-05,6116
2021-12-06,4790
2021-12-07,4723
2021-12-08,5259
2021-12-09,5934
2021-12-10,5120
2021-12-11,6035
2021-12-12,5278
2021-12-13,4449
2021-12-14,5233
2021-12-15,5512
2021-12-16,5147
2021-12-17,5035
2021-12-18,6232
2021-12-19,6117
2021-12-20,4492
2021-12-21,4955
2021-12-22,5422
2021-12-23,5467
2021-12-24,5409
2021-12-25,6677
2021-12-26,6111
2021-12-27,4828
2021-12-28,5588
2021-12-29,5626
2021-12-30,5688
2021-12-31,4998
2022-01-01,6896
2022-01-02,5485
2022-01-03,4333
2022-01-04,5374
2022-01-05,5766
2022-01-06,5726
2022-01-07,5092
2022-01-08,6709
2022-01-09,6132
2022-01-10,5071
2022-01-11,5907
2022-01-12,5702
2022-01-13,5616
2022-01-14,5348
2022-01-15,6950
2022-01-16,6448
2022-01-17,4588
2022-01-18,5312
2022-01-19,5348
2022-01-20,6287
2022-01-21,6125
2022-01-22,7515
2022-01-23,6417
2022-01-24,5181
2022-01-25,5300
2022-01-26,5652
2022-01-27,5892
2022-01-28,5441
2022-01-29,6546
2022-01-30,7014
2022-01-31,5012
2022-02-01,5461
2022-02-02,6140
2022-02-03,5500
2022-02-04,5649
2022-02-05,7272
2022-02-06,6902
2022-02-07,4993
2022-02-08,5754
2022-02-09,5925
2022-02-10,5696
2022-02-11,5633
2022-02-12,7569
2022-02-13,6965
2022-02-14,4537
2022-02-15,5876
2022-02-16,6067
2022-02-17,6519
2022-02-18,5820
2022-02-19,7131
2022-02-20,6322
2022-02-21,5943
2022-02-22,5402
2022-02-23,6382
2022-02-24,5893
2022-02-25,5992
2022-02-26,6559
2022-02-27,6622
2022-02-28,5446
2022-03-01,5053
2022-03-02,6208
2022-03-03,6189
2022-03-04,5595
2022-03-05,7018
2022-03-06,6564
2022-03-07,5098
2022-03-08,5254
2022-03-09,5582
2022-03-10,5958
2022-03-11,5569
2022-03-12,6648
2022-03-13,6686
2022-03-14,5353
2022-03-15,4901
2022-03-16,5802
2022-03-17,5804
2022-03-18,5538
2022-03-19,7469
2022-03-20,6426
2022-03-21,5495
2022-03-22,5082
2022-03-23,5866
2022-03-24,5879
2022-03-25,5548
2022-03-26,7278
2022-03-27,6492
2022-03-28,5146
2022-03-29,5245
2022-03-30,5332
2022-03-31,5847
2022-04-01,5728
2022-04-02,7332
2022-04-03,6080
2022-04-04,4865
2022-04-05,4637
2022-04-06,5797
2022-04-07,5454
2022-04-08,5057
2022-04-09,6798
2022-04-10,6795
2022-04-11,4307
2022-04-12,4745
2022-04-13,5264
2022-04-14,5344
2022-04-15,5650
2022-04-16,6360
2022-04-17,5910
2022-04-18,4870
2022-04-19,4747
2022-04-20,5531
2022-04-21,5290
2022-04-22,5043
2022-04-23,5796
2022-04-24,6835
2022-04-25,4477
2022-04-26,4952
2022-04-27,5274
2022-04-28,5534
2022-04-29,5327
2022-04-30,7192
2022-05-01,5486
2022-05-02,3971
2022-05-03,4440
2022-05-04,4746
2022-05-05,5600
2022-05-06,5450
2022-05-07,5850
2022-05-08,5183
2022-05-09,4228
2022-05-10,5075
2022-05-11,4155
2022-05-12,5408
2022-05-13,4729
2022-05-14,6514
2022-05-15,5149
2022-05-16,4125
2022-05-17,4037
2022-05-18,4610
2022-05-19,5553
2022-05-20,5201
2022-05-21,5753
2022-05-22,5069
2022-05-23,3492
2022-05-24,4261
2022-05-25,4782
2022-05-26,4963
2022-05-27,4786
2022-05-28,5290
2022-05-29,5236
2022-05-30,3951
2022-05-31,4665
2022-06-01,5254
2022-06-02,4821
2022-06-03,4449
2022-06-04,5562
2022-06-05,4849
2022-06-06,3605
2022-06-07,4117
2022-06-08,4214
2022-06-09,4933
2022-06-10,4536
2022-06-11,5534
2022-06-12,4866
2022-06-13,3490
2022-06-14,3717
2022-06-15,4350
2022-06-16,4451
2022-06-17,4526
2022-06-18,5276
2022-06-19,4228
2022-06-20,3626
2022-06-21,3480
2022-06-22,4118
2022-06-23,4420
2022-06-24,3688
2022-06-25,5173
2022-06-26,4712
2022-06-27,3448
2022-06-28,3664
2022-06-29,4090
2022-06-30,4102
2022-07-01,4155
2022-07-02,4776
2022-07-03,4558
2022-07-04,3021
2022-07-05,3776
2022-07-06,4158
2022-07-07,4272
2022-07-08,4010
2022-07-09,5114
2022-07-10,3716
2022-07-11,3459
2022-07-12,3692
2022-07-13,4119
2022-07-14,4355
2022-07-15,3862
2022-07-16,4675
2022-07-17,4566
2022-07-18,3374
2022-07-19,3608
2022-07-20,3481
2022-07-21,4334
2022-07-22,4369
2022-07-23,5113
2022-07-24,4315
2022-07-25,2686
2022-07-26,3779
2022-07-27,3853
2022-07-28,3311
2022-07-29,4065
2022-07-30,4011
2022-07-31,3618
2022-08-01,2928
2022-08-02,3837
2022-08-03,3739
2022-08-04,4152
2022-08-05,4457
2022-08-06,5236
2022-08-07,4064
2022-08-08,3018
2022-08-09,3008
2022-08-10,3608
2022-08-11,4174
2022-08-12,4006
2022-08-13,4594
2022-08-14,4490
2022-08-15,2833
2022-08-16,3371
2022-08-17,4043
2022-08-18,4212
2022-08-19,4209
2022-08-20,4703
2022-08-21,3945
2022-08-22,3188
2022-08-23,3073
2022-08-24,3298
2022-08-25,4215
2022-08-26,3861
2022-08-27,4678
2022-08-28,3386
2022-08-29,2972
2022-08-30,3215
2022-08-31,3560
2022-09-01,3341
2022-09-02,3795
2022-09-03,4952
2022-09-04,4279
2022-09-05,2926
2022-09-06,3430
2022-09-07,4103
2022-09-08,3217
2022-09-09,3898
2022-09-10,4858
2022-09-11,4458
2022-09-12,3694
2022-09-13,3838
2022-09-14,4011
2022-09-15,4232
2022-09-16,4237
2022-09-17,4481
2022-09-18,4233
2022-09-19,3502
2022-09-20,4157
2022-09-21,3925
2022-09-22,4186
2022-09-23,4118
2022-09-24,5348
2022-09-25,4329
2022-09-26,3752
2022-09-27,3310
2022-09-28,3992
2022-09-29,4216
2022-09-30,4383
2022-10-01,5331
2022-10-02,3827
2022-10-03,3085
2022-10-04,3807
2022-10-05,3931
2022-10-06,3889
2022-10-07,4553
2022-10-08,5226
2022-10-09,4778
2022-10-10,3320
2022-10-11,4122
2022-10-12,4162
2022-10-13,4814
2022-10-14,4041
2022-10-15,4805
2022-10-16,4797
2022-10-17,3355
2022-10-18,4119
2022-10-19,4429
2022-10-20,4289
2022-10-21,4463
2022-10-22,5161
2022-10-23,5240
2022-10-24,3492
2022-10-25,3884
2022-10-26,4846
2022-10-27,5403
2022-10-28,5190
2022-10-29,5490
2022-10-30,5111
2022-10-31,4297
2022-11-01,4107
2022-11-02,4281
2022-11-03,4860
2022-11-04,4828
2022-11-05,5288
2022-11-06,4508
2022-11-07,3489
2022-11-08,4484
2022-11-09,4479
2022-11-10,4908
2022-11-11,4883
2022-11-12,6057
2022-11-13,5221
2022-11-14,4230
2022-11-15,4126
2022-11-16,4736
2022-11-17,4763
2022-11-18,5305
2022-11-19,5964
2022-11-20,5229
2022-11-21,4096
2022-11-22,4470
2022-11-23,5204
2022-11-24,4716
2022-11-25,4755
2022-11-26,5994
2022-11-27,6755
2022-11-28,4641
2022-11-29,4637
2022-11-30,5341
2022-12-01,5999
2022-12-02,5141
2022-12-03,6172
2022-12-04,6382
2022-12-05,4627
2022-12-06,5015
2022-12-07,5087
2022-12-08,6087
2022-12-09,5882
2022-12-10,6726
2022-12-11,6332
2022-12-12,3960
2022-12-13,5131
2022-12-14,5311
2022-12-15,5743
2022-12-16,5683
2022-12-17,6513
2022-12-18,5512
2022-12-19,4836
2022-12-20,4817
2022-12-21,5388
2022-12-22,5534
2022-12-23,5478
2022-12-24,5853
2022-12-25,6864
2022-12-26,4914
2022-12-27,5514
2022-12-28,6228
2022-12-29,5842
2022-12-30,5127
2022-12-31,6579
2023-01-01,6007
2023-01-02,4785
2023-01-03,5296
2023-01-04,5079
2023-01-05,6047
2023-01-06,5322
2023-01-07,7204
2023-01-08,6586
2023-01-09,4939
2023-01-10,5341
2023-01-11,5631
2023-01-12,5836
2023-01-13,5355
2023-01-14,7182
2023-01-15,7505
2023-01-16,5744
2023-01-17,5861
2023-01-18,6103
2023-01-19,5893
2023-01-20,6415
2023-01-21,7267
2023-01-22,6808
2023-01-23,5098
2023-01-24,5542
2023-01-25,5809
2023-01-26,6144
2023-01-27,5681
2023-01-28,7215
2023-01-29,7854
2023-01-30,5224
2023-01-31,5491
2023-02-01,6166
2023-02-02,6443
2023-02-03,5719
2023-02-04,7343
2023-02-05,7348
2023-02-06,5372
2023-02-07,5644
2023-02-08,6524
2023-02-09,6041
2023-02-10,6129
2023-02-11,7254
2023-02-12,7621
2023-02-13,4698
2023-02-14,5418
2023-02-15,5890
2023-02-16,6483
2023-02-17,6311
2023-02-18,8064
2023-02-19,6373
2023-02-20,5560
2023-02-21,5545
2023-02-22,5853
2023-02-23,6448
2023-02-24,5832
2023-02-25,6629
2023-02-26,6866
2023-02-27,4846
2023-02-28,5426
2023-03-01,6170
2023-03-02,6364
2023-03-03,6607
2023-03-04,7383
2023-03-05,6361
2023-03-06,5059
2023-03-07,5317
2023-03-08,5644
2023-03-09,6376
2023-03-10,5875
2023-03-11,6607
2023-03-12,7238
2023-03-13,5226
2023-03-14,5681
2023-03-15,6021
2023-03-16,6395
2023-03-17,6046
2023-03-18,7874
2023-03-19,7062
2023-03-20,5334
2023-03-21,5646
2023-03-22,5474
2023-03-23,6088
2023-03-24,5893
2023-03-25,7370
2023-03-26,6244
2023-03-27,5661
2023-03-28,5483
2023-03-29,5483
2023-03-30,5532
2023-03-31,5815
2023-04-01,7150
2023-04-02,6409
2023-04-03,5099
2023-04-04,5169
2023-04-05,5958
2023-04-06,5759
2023-04-07,5807
2023-04-08,7479
2023-04-09,7654
2023-04-10,4663
2023-04-11,5135
2023-04-12,5428
2023-04-13,6141
2023-04-14,5363
2023-04-15,6749
2023-04-16,6451
2023-04-17,4573
2023-04-18,4879
2023-04-19,5441
2023-04-20,5129
2023-04-21,5165
2023-04-22,6640
2023-04-23,6385
2023-04-24,4715
2023-04-25,4513
2023-04-26,5334
2023-04-27,5931
2023-04-28,5683
2023-04-29,6629
2023-04-30,5807
2023-05-01,4857
2023-05-02,4773
2023-05-03,4995
2023-05-04,5309
2023-05-05,5845
2023-05-06,6596
2023-05-07,6495
2023-05-08,4387
2023-05-09,5130
2023-05-10,5052
2023-05-11,5390
2023-05-12,6049
2023-05-13,6660
2023-05-14,5647
2023-05-15,4387
2023-05-16,4812
2023-05-17,5497
2023-05-18,5160
2023-05-19,4592
2023-05-20,6063
2023-05-21,5695
2023-05-22,4321
2023-05-23,4998
2023-05-24,5089
2023-05-25,5444
2023-05-26,4667
2023-05-27,6371
2023-05-28,6388
2023-05-29,4404
2023-05-30,4537
2023-05-31,4912
2023-06-01,5625
2023-06-02,4596
2023-06-03,5803
2023-06-04,5549
2023-06-05,4271
2023-06-06,4195
2023-06-07,4837
2023-06-08,4851
2023-06-09,4804
2023-06-10,5634
2023-06-11,4728
2023-06-12,3909
2023-06-13,4489
2023-06-14,4316
2023-06-15,4744
2023-06-16,4858
2023-06-17,5094
2023-06-18,5123
2023-06-19,3467
2023-06-20,4456
2023-06-21,5236
2023-06-22,5345
2023-06-23,4468
2023-06-24,5697
2023-06-25,4955
2023-06-26,3725
2023-06-27,4480
2023-06-28,3987
2023-06-29,4936
2023-06-30,4419
2023-07-01,5840
2023-07-02,4851
2023-07-03,3382
2023-07-04,3982
2023-07-05,4538
2023-07-06,4521
2023-07-07,4495
2023-07-08,4922
2023-07-09,3774
2023-07-10,3789
2023-07-11,4028
2023-07-12,4268
2023-07-13,4447
2023-07-14,4585
2023-07-15,4843
2023-07-16,4260
2023-07-17,3369
2023-07-18,4107
2023-07-19,3711
2023-07-20,4729
2023-07-21,3988
2023-07-22,4489
2023-07-23,4986
2023-07-24,3334
2023-07-25,3261
2023-07-26,3974
2023-07-27,4589
2023-07-28,4509
2023-07-29,4696
2023-07-30,4565
2023-07-31,3539
2023-08-01,3419
2023-08-02,4153
2023-08-03,4242
2023-08-04,3922
2023-08-05,4617
2023-08-06,4375
2023-08-07,3288
2023-08-08,3410
2023-08-09,3876
2023-08-10,4573
2023-08-11,4131
2023-08-12,5153
2023-08-13,4814
2023-08-14,3443
2023-08-15,4286
2023-08-16,3734
2023-08-17,4463
2023-08-18,3952
2023-08-19,5542
2023-08-20,5011
2023-08-21,2637
2023-08-22,3262
2023-08-23,4203
2023-08-24,4459
2023-08-25,4288
2023-08-26,4754
2023-08-27,4508
2023-08-28,3469
2023-08-29,3556
2023-08-30,4332
2023-08-31,3516
2023-09-01,4276
2023-09-02,4385
2023-09-03,4747
2023-09-04,3218
2023-09-05,3329
2023-09-06,4157
2023-09-07,3974
2023-09-08,3824
2023-09-09,4213
2023-09-10,4392
2023-09-11,3488
2023-09-12,3975
2023-09-13,4040
2023-09-14,4639
2023-09-15,4167
2023-09-16,4890
2023-09-17,4711
2023-09-18,3721
2023-09-19,3603
2023-09-20,4068
2023-09-21,4320
2023-09-22,4251
2023-09-23,4644
2023-09-24,4988
2023-09-25,3332
2023-09-26,3928
2023-09-27,3959
2023-09-28,4560
2023-09-29,4426
2023-09-30,4946
2023-10-01,5504
2023-10-02,3657
2023-10-03,4427
2023-10-04,4608
2023-10-05,4326
2023-10-06,4272
2023-10-07,5420
2023-10-08,4817
2023-10-09,3651
2023-10-10,3874
2023-10-11,3834
2023-10-12,4563
2023-10-13,3795
2023-10-14,5527
2023-10-15,4628
2023-10-16,3515
2023-10-17,4001
2023-10-18,4597
2023-10-19,4292
2023-10-20,4053
2023-10-21,5080
2023-10-22,4232
2023-10-23,3550
2023-10-24,4687
2023-10-25,4295
2023-10-26,5066
2023-10-27,4290
2023-10-28,5801
2023-10-29,5102
2023-10-30,3957
2023-10-31,4487
2023-11-01,5304
2023-11-02,5046
2023-11-03,4887
2023-11-04,5440
2023-11-05,5641
2023-11-06,4026
2023-11-07,4698
2023-11-08,4866
2023-11-09,5662
2023-11-10,4353
2023-11-11,5890
2023-11-12,5935
2023-11-13,4124
2023-11-14,4318
2023-11-15,4927
2023-11-16,4812
2023-11-17,5147
2023-11-18,7194
2023-11-19,6218
2023-11-20,4018
2023-11-21,4425
2023-11-22,5017
2023-11-23,5696
2023-11-24,4984
2023-11-25,6076
2023-11-26,6285
2023-11-27,4773
2023-11-28,4716
2023-11-29,4925
2023-11-30,5024
2023-12-01,5155
2023-12-02,5614
2023-12-03,6403
2023-12-04,4434
2023-12-05,5116
2023-12-06,5997
2023-12-07,6012
2023-12-08,5143
2023-12-09,7063
2023-12-10,6740
2023-12-11,4525
2023-12-12,4792
2023-12-13,5500
2023-12-14,5264
2023-12-15,6094
2023-12-16,5874
2023-12-17,5966
2023-12-18,4798
2023-12-19,5142
2023-12-20,5708
2023-12-21,5974
2023-12-22,5682
2023-12-23,7491
2023-12-24,5693
2023-12-25,4998
2023-12-26,5103
2023-12-27,5810
2023-12-28,6070
2023-12-29,5572
2023-12-30,6900
2023-12-31,7045
2024-01-01,5218
2024-01-02,5223
2024-01-03,6519
2024-01-04,6833
2024-01-05,5503
2024-01-06,7424
2024-01-07,7887
2024-01-08,5452
2024-01-09,5601
2024-01-10,5903
2024-01-11,6027
2024-01-12,5987
2024-01-13,7187
2024-01-14,7271
2024-01-15,5164
2024-01-16,5475
2024-01-17,5671
2024-01-18,6261
2024-01-19,5849
2024-01-20,7439
2024-01-21,7490
2024-01-22,5476
2024-01-23,5843
2024-01-24,6230
2024-01-25,6361
2024-01-26,6155
2024-01-27,7468
2024-01-28,7452
2024-01-29,5077
2024-01-30,6162
2024-01-31,6182
2024-02-01,6158
2024-02-02,6090
2024-02-03,7378
2024-02-04,7264
2024-02-05,5236
2024-02-06,6141
2024-02-07,5964
2024-02-08,5715
2024-02-09,6049
2024-02-10,6870
2024-02-11,7221
2024-02-12,5824
2024-02-13,6011
2024-02-14,5813
2024-02-15,6212
2024-02-16,6859
2024-02-17,7854
2024-02-18,7259
2024-02-19,5835
2024-02-20,6590
2024-02-21,6651
2024-02-22,6502
2024-02-23,6414
2024-02-24,7979
2024-02-25,7003
2024-02-26,5166
2024-02-27,5829
2024-02-28,5937
2024-02-29,6429
2024-03-01,6321
2024-03-02,8673
2024-03-03,6884
2024-03-04,5443
2024-03-05,5740
2024-03-06,6350
2024-03-07,6753
2024-03-08,6108
2024-03-09,7328
2024-03-10,6516
2024-03-11,5156
2024-03-12,5924
2024-03-13,6188
2024-03-14,6063
2024-03-15,6103
2024-03-16,7622
2024-03-17,7341
2024-03-18,5212
2024-03-19,5626
2024-03-20,5549
2024-03-21,5966
2024-03-22,6674
2024-03-23,6629
2024-03-24,6914
2024-03-25,5406
2024-03-26,5523
2024-03-27,5801
2024-03-28,6241
2024-03-29,6093
2024-03-30,7404
2024-03-31,6182
2024-04-01,5215
2024-04-02,5294
2024-04-03,5804
2024-04-04,6252
2024-04-05,6214
2024-04-06,7698
2024-04-07,6640
2024-04-08,5465
2024-04-09,5844
2024-04-10,6244
2024-04-11,6526
2024-04-12,5873
2024-04-13,7132
2024-04-14,7059
2024-04-15,4646
2024-04-16,5441
2024-04-17,5618
2024-04-18,5870
2024-04-19,5267
2024-04-20,6699
2024-04-21,6572
2024-04-22,5249
2024-04-23,5579
2024-04-24,5651
2024-04-25,5817
2024-04-26,5443
2024-04-27,7086
2024-04-28,6329
2024-04-29,5046
2024-04-30,5704
2024-05-01,5550
2024-05-02,5288
2024-05-03,5315
2024-05-04,6162
2024-05-05,5781
2024-05-06,5146
2024-05-07,5103
2024-05-08,4960
2024-05-09,5843
2024-05-10,5861
2024-05-11,6454
2024-05-12,5834
2024-05-13,4505
2024-05-14,4997
2024-05-15,5516
2024-05-16,5885
2024-05-17,5720
2024-05-18,6928
2024-05-19,6510
2024-05-20,4693
2024-05-21,4299
2024-05-22,5146
2024-05-23,5485
2024-05-24,5091
2024-05-25,6648
2024-05-26,5633
2024-05-27,4067
2024-05-28,5110
2024-05-29,5271
2024-05-30,5329
2024-05-31,5378
2024-06-01,6546
2024-06-02,5759
2024-06-03,3460
2024-06-04,4317
2024-06-05,4794
2024-06-06,4826
2024-06-07,5026
2024-06-08,6439
2024-06-09,5258
2024-06-10,3755
2024-06-11,5048
2024-06-12,4676
2024-06-13,4629
2024-06-14,4920
2024-06-15,5969
2024-06-16,5014
2024-06-17,4246
2024-06-18,4141
2024-06-19,4413
2024-06-20,4960
2024-06-21,4975
2024-06-22,5385
2024-06-23,5297
2024-06-24,3858
2024-06-25,5076
2024-06-26,4374
2024-06-27,5234
2024-06-28,4612
2024-06-29,5460
2024-06-30,5326
2024-07-01,4069
2024-07-02,4487
2024-07-03,4603
2024-07-04,4513
2024-07-05,4364
2024-07-06,5600
2024-07-07,5147
2024-07-08,4138
2024-07-09,4131
2024-07-10,4746
2024-07-11,5095
2024-07-12,4502
2024-07-13,4669
2024-07-14,4315
2024-07-15,3166
2024-07-16,4424
2024-07-17,4070
2024-07-18,4932
2024-07-19,4563
2024-07-20,5899
2024-07-21,5127
2024-07-22,3520
2024-07-23,3795
2024-07-24,4302
2024-07-25,4539
2024-07-26,4153
2024-07-27,5104
2024-07-28,5306
2024-07-29,2964
2024-07-30,3889
2024-07-31,3941
2024-08-01,4496
2024-08-02,4541
2024-08-03,5038
2024-08-04,4909
2024-08-05,2962
2024-08-06,4121
2024-08-07,4003
2024-08-08,4602
2024-08-09,4304
2024-08-10,3959
2024-08-11,4245
2024-08-12,3509
2024-08-13,4241
2024-08-14,4266
2024-08-15,4471
2024-08-16,3788
2024-08-17,5603
2024-08-18,5291
2024-08-19,3442
2024-08-20,3678
2024-08-21,3663
2024-08-22,4668
2024-08-23,5086
2024-08-24,5313
2024-08-25,5075
2024-08-26,3612
2024-08-27,3447
2024-08-28,4607
2024-08-29,4016
2024-08-30,4186
2024-08-31,5158
2024-09-01,4946
2024-09-02,3596
2024-09-03,3906
2024-09-04,3974
2024-09-05,4029
2024-09-06,4305
2024-09-07,4795
2024-09-08,4090
2024-09-09,3106
2024-09-10,3671
2024-09-11,3674
2024-09-12,4056
2024-09-13,3818
2024-09-14,5229
2024-09-15,4867
2024-09-16,4191
2024-09-17,3410
2024-09-18,4102
2024-09-19,4829
2024-09-20,4327
2024-09-21,5103
2024-09-22,5491
2024-09-23,3520
2024-09-24,3587
2024-09-25,3973
2024-09-26,4721
2024-09-27,4567
2024-09-28,4773
2024-09-29,4482
2024-09-30,3876
2024-10-01,4216
2024-10-02,4270
2024-10-03,4897
2024-10-04,4739
2024-10-05,4721
2024-10-06,4880
2024-10-07,3932
2024-10-08,3949
2024-10-09,3895
2024-10-10,4710
2024-10-11,4895
2024-10-12,6242
2024-10-13,4239
2024-10-14,4728
2024-10-15,3879
2024-10-16,4977
2024-10-17,5296
2024-10-18,5077
2024-10-19,5796
2024-10-20,4810
2024-10-21,4215
2024-10-22,4123
2024-10-23,3996
2024-10-24,5915
2024-10-25,5108
2024-10-26,6641
2024-10-27,5070
2024-10-28,4601
2024-10-29,4971
2024-10-30,5403
2024-10-31,5140
2024-11-01,4631
2024-11-02,5981
2024-11-03,4702
2024-11-04,3729
2024-11-05,4626
2024-11-06,4729
2024-11-07,5224
2024-11-08,5104
2024-11-09,7021
2024-11-10,6318
2024-11-11,4381
2024-11-12,5109
2024-11-13,4927
2024-11-14,5301
2024-11-15,5557
2024-11-16,5885
2024-11-17,5841
2024-11-18,4112
2024-11-19,4899
2024-11-20,5820
2024-11-21,5304
2024-11-22,5475
2024-11-23,6202
2024-11-24,5656
2024-11-25,4273
2024-11-26,5453
2024-11-27,6183
2024-11-28,5826
2024-11-29,5311
2024-11-30,7037
2024-12-01,6166
2024-12-02,5046
2024-12-03,5218
2024-12-04,5658
2024-12-05,5995
2024-12-06,5484
2024-12-07,6749
2024-12-08,5763
2024-12-09,4783
2024-12-10,4806
2024-12-11,5651
2024-12-12,5629
2024-12-13,5825
2024-12-14,7268
2024-12-15,6050
2024-12-16,4790
2024-12-17,5080
2024-12-18,6054
2024-12-19,6589
2024-12-20,6181
2024-12-21,7092
2024-12-22,7396
2024-12-23,4685
2024-12-24,5965
2024-12-25,5726
2024-12-26,5289
2024-12-27,6859
2024-12-28,8033
2024-12-29,6508
2024-12-30,5324
2024-12-31,5531
